INSERT INTO SAILOR (SID, SNAME, MNAME, SURNAME, RATING, AGE)
VALUES ('s22', 'Fredrico', '', 'Roberts', 7, 45);

INSERT INTO SAILOR (SID, SNAME, MNAME, SURNAME, RATING, AGE)
VALUES ('s31', 'Lubber', '', 'Sheen', 8, 55.5);

INSERT INTO SAILOR (SID, SNAME, MNAME, SURNAME, RATING, AGE)
VALUES ('s32', 'Charlotte', '', 'Gordin', 8, 25.5);

INSERT INTO SAILOR (SID, SNAME, MNAME, SURNAME, RATING, AGE)
VALUES ('s58', 'Mary', '', 'Lyon', 10, 35);

INSERT INTO SAILOR (SID, SNAME, MNAME, SURNAME, RATING, AGE)
VALUES ('s64', 'Horatio', '', 'Powell', 7, 35.4);

INSERT INTO SAILOR (SID, SNAME, MNAME, SURNAME, RATING, AGE)
VALUES ('s71', 'Zorba', '', 'Alex', 10, 16);

INSERT INTO SAILOR (SID, SNAME, MNAME, SURNAME, RATING, AGE)
VALUES ('s29', 'Brutus', '', 'Slater', 1 ,33.8);

INSERT INTO SAILOR (SID, SNAME, MNAME, SURNAME, RATING, AGE)
VALUES ('s95', 'Deep', 'Graceb', 'Davis', 3, 63.5);

INSERT INTO SAILOR (SID, SNAME, MNAME, SURNAME, RATING, AGE)
VALUES ('s74', 'Horatio', '', 'Forrest', 9, 35);

INSERT INTO SAILOR (SID, SNAME, MNAME, SURNAME, RATING, AGE)
VALUES ('s85', 'Sara', 'Art', 'Powell', 3, 25.5);

INSERT INTO SAILOR (SID, SNAME, MNAME, SURNAME, RATING, AGE)
VALUES ('s80', 'Deep', 'Kumar', 'Kumar', 6, 17);

INSERT INTO SAILOR (SID, SNAME, MNAME, SURNAME, RATING, AGE)
VALUES ('s87', 'Deep', 'Kumar', 'Jha', 8, 51);

-- BOAT INSERTS

INSERT INTO BOAT (BID, BNAME, COLOR)
VALUES (101, 'INTERLAKE', 'BLUE');

INSERT INTO BOAT (BID, BNAME, COLOR)
VALUES (102, 'INTERLAKE', 'RED');

INSERT INTO BOAT (BID, BNAME, COLOR)
VALUES (103, 'CLIPPER', 'GREEN');

INSERT INTO BOAT (BID, BNAME, COLOR)
VALUES (104, 'MARINE', 'RED');

-- RESERVATION INSERTS

INSERT INTO RESERVATION (SID, BID, DAY) VALUES ('s22', 101, TO_DATE('10-OCT-1998', 'DD-MON-YYYY'));
INSERT INTO RESERVATION (SID, BID, DAY) VALUES ('s22', 103, TO_DATE('10-AUG-1998', 'DD-MON-YYYY'));
INSERT INTO RESERVATION (SID, BID, DAY) VALUES ('s22', 102, TO_DATE('10-OCT-1998', 'DD-MON-YYYY'));
INSERT INTO RESERVATION (SID, BID, DAY) VALUES ('s22', 104, TO_DATE('10-JUL-1998', 'DD-MON-YYYY'));
INSERT INTO RESERVATION (SID, BID, DAY) VALUES ('s31', 102, TO_DATE('11-OCT-1998', 'DD-MON-YYYY'));
-- INSERT INTO RESERVATION (SID, BID, DAY) VALUES ('s31', 102, TO_DATE('11-JUN-1998', 'DD-MON-YYYY')); -- Wrong data Given in question
INSERT INTO RESERVATION (SID, BID, DAY) VALUES ('s31', 104, TO_DATE('11-DEC-1998', 'DD-MON-YYYY'));
INSERT INTO RESERVATION (SID, BID, DAY) VALUES ('s64', 101, TO_DATE('09-MAY-1998', 'DD-MON-YYYY'));
INSERT INTO RESERVATION (SID, BID, DAY) VALUES ('s64', 102, TO_DATE('09-AUG-1998', 'DD-MON-YYYY'));
INSERT INTO RESERVATION (SID, BID, DAY) VALUES ('s74', 103, TO_DATE('09-AUG-1998', 'DD-MON-YYYY'));
INSERT INTO RESERVATION (SID, BID, DAY) VALUES ('s80', 102, TO_DATE('07-JUL-1998', 'DD-MON-YYYY'));
INSERT INTO RESERVATION (SID, BID, DAY) VALUES ('s87', 101, TO_DATE('08-JUL-1998', 'DD-MON-YYYY'));
INSERT INTO RESERVATION (SID, BID, DAY) VALUES ('s87', 102, TO_DATE('12-DEC-1998', 'DD-MON-YYYY'));
